name,description
Kassie Perceval,"Cum sociis natoque penatibus et magnis dis parturient montes, nascetur ridiculus mus."
Eberto Rowthorne,Nullam porttitor lacus at turpis.
Bryn Oxtarby,Nunc purus.
Jasmin Hoyles,"Quisque erat eros, viverra eget, congue eget, semper rutrum, nulla."
Othello Eberdt,Sed vel enim sit amet nunc viverra dapibus.
Scotti Erb,Suspendisse potenti.
Mikaela McVanamy,"Vivamus metus arcu, adipiscing molestie, hendrerit at, vulputate vitae, nisl."
Susette Heningam,Nam dui.
Karola Melby,Praesent blandit lacinia erat.
Floria Dinneen,In sagittis dui vel nisl.
Jamesy Wloch,Proin eu mi.
Briggs Shurville,In blandit ultrices enim.
Cesya Broker,Pellentesque at nulla.
Gloria Claremont,"Mauris enim leo, rhoncus sed, vestibulum sit amet, cursus id, turpis."
Silvio Lillee,Donec vitae nisi.
Jessica Chaplain,"Mauris enim leo, rhoncus sed, vestibulum sit amet, cursus id, turpis."
Fina Greenshiels,Morbi porttitor lorem id ligula.
Nadeen Enderson,Fusce consequat.
Stavros Upwood,Integer tincidunt ante vel ipsum.
Berkly Macvain,Curabitur at ipsum ac tellus semper interdum.
Rossie Pirdy,Aliquam erat volutpat.
Aldis Ashbridge,"Morbi vestibulum, velit id pretium iaculis, diam erat fermentum justo, nec condimentum neque sapien placerat ante."
Ketti Chiene,Nam tristique tortor eu pede.
Heall Svanetti,Aenean auctor gravida sem.
Jackquelin Nobriga,Suspendisse potenti.
Sheffie Kretchmer,Cras in purus eu magna vulputate luctus.
Lind Alyoshin,Vestibulum ante ipsum primis in faucibus orci luctus et ultrices posuere cubilia Curae; Duis faucibus accumsan odio.
Deni Offiler,"In tempor, turpis nec euismod scelerisque, quam turpis adipiscing lorem, vitae mattis nibh ligula nec sem."
Andrea Pringell,Etiam pretium iaculis justo.
Kalie Lambillion,Aenean auctor gravida sem.
Dulcinea Harmes,Cras non velit nec nisi vulputate nonummy.
Dewey Rickett,Nulla justo.
Martynne Burgwin,In blandit ultrices enim.
Chloe Waiting,Aliquam sit amet diam in magna bibendum imperdiet.
Benito Larmet,Praesent lectus.
Bianka Apps,Cras pellentesque volutpat dui.
Royal Imos,Duis mattis egestas metus.
Theresita Goldine,Vestibulum ante ipsum primis in faucibus orci luctus et ultrices posuere cubilia Curae; Mauris viverra diam vitae quam.
Nertie Grinsted,Vestibulum ante ipsum primis in faucibus orci luctus et ultrices posuere cubilia Curae; Mauris viverra diam vitae quam.
Zed Davidson,Duis consequat dui nec nisi volutpat eleifend.
Bard Daugherty,Ut tellus.
Fawn Rennles,Proin risus.
Darby Blackey,Nunc purus.
Salomone Thrasher,Quisque ut erat.
George Rosbottom,Aenean auctor gravida sem.
Gasper Collocott,In eleifend quam a odio.
Barnabe Stannus,Aliquam quis turpis eget elit sodales scelerisque.
Jonah Robb,"Quisque erat eros, viverra eget, congue eget, semper rutrum, nulla."
Salmon Rowesby,Cras in purus eu magna vulputate luctus.
Gwyn Gliddon,"Cras mi pede, malesuada in, imperdiet et, commodo vulputate, justo."
Vladamir Merman,Mauris lacinia sapien quis libero.
Ced Gilluley,Etiam faucibus cursus urna.
Muriel Bramah,"Nullam orci pede, venenatis non, sodales sed, tincidunt eu, felis."
Dan Fairweather,"In tempor, turpis nec euismod scelerisque, quam turpis adipiscing lorem, vitae mattis nibh ligula nec sem."
Marketa Pagan,Proin at turpis a pede posuere nonummy.
Trace Reidie,Pellentesque ultrices mattis odio.
Dori Bromage,Aliquam quis turpis eget elit sodales scelerisque.
Erick Burrill,Curabitur at ipsum ac tellus semper interdum.
Morgan Langcastle,"Morbi sem mauris, laoreet ut, rhoncus aliquet, pulvinar sed, nisl."
Rhetta Bausor,Nullam sit amet turpis elementum ligula vehicula consequat.
Merilee Benez,Etiam pretium iaculis justo.
Aluin Wanklyn,"Cum sociis natoque penatibus et magnis dis parturient montes, nascetur ridiculus mus."
Barrie Hurling,Nunc rhoncus dui vel sem.
Katuscha McInerney,Vivamus vestibulum sagittis sapien.
Jim Guite,Phasellus in felis.
Milton Keedy,"Lorem ipsum dolor sit amet, consectetuer adipiscing elit."
Brittaney Garmston,In hac habitasse platea dictumst.
Meggie Harle,Duis at velit eu est congue elementum.
Sheffie Gilcrist,Morbi porttitor lorem id ligula.
Leopold Phizaclea,Etiam justo.
Martyn Latty,Nulla justo.
Sol Bool,Pellentesque viverra pede ac diam.
Phillis Hinckley,"Fusce lacus purus, aliquet at, feugiat non, pretium quis, lectus."
Merell Boribal,Fusce posuere felis sed lacus.
Remus Zoephel,Donec dapibus.
Bernetta Hay,Etiam justo.
Laurent Oag,Integer ac leo.
Wells Gumley,"Mauris enim leo, rhoncus sed, vestibulum sit amet, cursus id, turpis."
Mathew Chancelier,Sed accumsan felis.
Archer Brownsell,"Lorem ipsum dolor sit amet, consectetuer adipiscing elit."
Rawley Narrie,Donec dapibus.
Sergio Gibberd,Donec vitae nisi.
Maurise Style,"Nam ultrices, libero non mattis pulvinar, nulla pede ullamcorper augue, a suscipit nulla elit ac nulla."
Shamus Milroy,Nulla mollis molestie lorem.
Kori McPake,Sed sagittis.
Bron Mettricke,Curabitur at ipsum ac tellus semper interdum.
Emylee Cheetam,Morbi quis tortor id nulla ultrices aliquet.
Sasha Kohen,Sed ante.
Codi Pritchett,Proin risus.
Aksel Dering,"Morbi vestibulum, velit id pretium iaculis, diam erat fermentum justo, nec condimentum neque sapien placerat ante."
Cinnamon Cropp,Vivamus vel nulla eget eros elementum pellentesque.
Ashley Spir,"Lorem ipsum dolor sit amet, consectetuer adipiscing elit."
Carola Scrine,Praesent blandit lacinia erat.
Emmalynn Folan,Praesent blandit lacinia erat.
Griz Bolton,Proin at turpis a pede posuere nonummy.
Thaddeus Schmuhl,Nunc rhoncus dui vel sem.
Donella Dimic,"Integer pede justo, lacinia eget, tincidunt eget, tempus vel, pede."
Garrard Veschi,Proin interdum mauris non ligula pellentesque ultrices.
North Farncomb,Nulla suscipit ligula in lacus.
Vannie Haily,Praesent blandit.
Griselda Borer,Nullam porttitor lacus at turpis.
Ike Snead,Nulla ut erat id mauris vulputate elementum.
Gwenni Ransley,"Morbi odio odio, elementum eu, interdum eu, tincidunt in, leo."
Jeane Elleton,Morbi vel lectus in quam fringilla rhoncus.
Bill Conigsby,Aliquam erat volutpat.
Arlin Lowre,Vivamus vestibulum sagittis sapien.
Tori Vickar,Phasellus sit amet erat.
Padraig Closs,Integer ac neque.
Irene Munro,Donec dapibus.
Denys Vaissiere,In congue.
Elsi Janson,"Donec odio justo, sollicitudin ut, suscipit a, feugiat et, eros."
Evvie Sciusscietto,"Quisque arcu libero, rutrum ac, lobortis vel, dapibus at, diam."
Noemi Garfoot,Ut at dolor quis odio consequat varius.
Jordanna Belt,"Lorem ipsum dolor sit amet, consectetuer adipiscing elit."
Ilysa Muttock,Etiam faucibus cursus urna.
Morgen Trevain,"Lorem ipsum dolor sit amet, consectetuer adipiscing elit."
Zaria Allitt,Mauris lacinia sapien quis libero.
Roy Whellans,Praesent lectus.
Donal Sallings,Aenean auctor gravida sem.
Sydelle Chaffey,Proin interdum mauris non ligula pellentesque ultrices.
Kristan Guion,Nulla ut erat id mauris vulputate elementum.
Seka Flewett,Morbi ut odio.
Avram Ibberson,Donec ut mauris eget massa tempor convallis.
Sid Stilly,Vivamus vel nulla eget eros elementum pellentesque.
Barry Pycock,"Donec diam neque, vestibulum eget, vulputate ut, ultrices vel, augue."
Ermanno Gerardi,Curabitur convallis.
Kariotta Frances,Morbi quis tortor id nulla ultrices aliquet.
Randy Dibbs,Maecenas pulvinar lobortis est.
Doris Handley,"Lorem ipsum dolor sit amet, consectetuer adipiscing elit."
Omar MacSkeaghan,"Donec odio justo, sollicitudin ut, suscipit a, feugiat et, eros."
Marin Iwanczyk,"Nullam orci pede, venenatis non, sodales sed, tincidunt eu, felis."
Abby Oakey,Integer ac leo.
Osbourn Fairrie,Nam tristique tortor eu pede.
Alvis Garie,In hac habitasse platea dictumst.
Wolf Leele,Quisque ut erat.
Baily Clemence,Pellentesque at nulla.
Dare Grimbleby,Integer ac leo.
Nettie Tarzey,Vestibulum sed magna at nunc commodo placerat.
Natividad Robel,"Integer aliquet, massa id lobortis convallis, tortor risus dapibus augue, vel accumsan tellus nisi eu orci."
Jorie Colt,Aenean auctor gravida sem.
Adham Mifflin,Cras non velit nec nisi vulputate nonummy.
Shell Tytcomb,Aenean auctor gravida sem.
Merla Eglington,Donec dapibus.
Dusty Stobbart,"Cum sociis natoque penatibus et magnis dis parturient montes, nascetur ridiculus mus."
Thatcher Crannage,Donec ut mauris eget massa tempor convallis.
Kelbee Covolini,"Fusce congue, diam id ornare imperdiet, sapien urna pretium nisl, ut volutpat sapien arcu sed augue."
Arnoldo Buckbee,"Maecenas leo odio, condimentum id, luctus nec, molestie sed, justo."
Leisha Gadie,Ut tellus.
Elita Hollier,In hac habitasse platea dictumst.
Paulie Laydel,Proin risus.
Curtis Sterke,Nulla tellus.
Malchy Thornewell,Nunc rhoncus dui vel sem.
Mira Santore,In sagittis dui vel nisl.
Thor Ketcher,"Cum sociis natoque penatibus et magnis dis parturient montes, nascetur ridiculus mus."
Alice Tibbetts,Vestibulum ante ipsum primis in faucibus orci luctus et ultrices posuere cubilia Curae; Duis faucibus accumsan odio.
Frederick Meace,In hac habitasse platea dictumst.
Marni Challicombe,Suspendisse accumsan tortor quis turpis.
Salomi Norster,In blandit ultrices enim.
Verna Robbe,Nam dui.
Constantia Murrow,"Fusce congue, diam id ornare imperdiet, sapien urna pretium nisl, ut volutpat sapien arcu sed augue."
Lena Goss,Quisque ut erat.
Myron Donald,Fusce consequat.
Eada Kimbling,"Quisque erat eros, viverra eget, congue eget, semper rutrum, nulla."
Arni Bobasch,Integer non velit.
Leonie Fronks,Etiam faucibus cursus urna.
Valle Ambler,Vivamus vel nulla eget eros elementum pellentesque.
Iorgos Everley,Duis mattis egestas metus.
Shea Giannassi,Maecenas ut massa quis augue luctus tincidunt.
Hayward Jellico,Aenean sit amet justo.
Denney Clitheroe,Sed ante.
Pooh Acaster,Nunc purus.
Pierre Want,Curabitur gravida nisi at nibh.
Duncan Gilkes,Sed sagittis.
Pet Bloxsome,"In tempor, turpis nec euismod scelerisque, quam turpis adipiscing lorem, vitae mattis nibh ligula nec sem."
Emilie Addekin,Morbi non quam nec dui luctus rutrum.
Yves Davison,"Morbi vestibulum, velit id pretium iaculis, diam erat fermentum justo, nec condimentum neque sapien placerat ante."
Keslie Gerbel,"Fusce congue, diam id ornare imperdiet, sapien urna pretium nisl, ut volutpat sapien arcu sed augue."
Edd Withers,Vestibulum rutrum rutrum neque.
Bernie Cheek,Vivamus tortor.
Cher Cortese,Vivamus vel nulla eget eros elementum pellentesque.
Eben Burgot,Nunc rhoncus dui vel sem.
Niles Murden,Praesent id massa id nisl venenatis lacinia.
Barthel Schimann,Proin risus.
Darbee Whyman,Nam nulla.
York Moreing,In blandit ultrices enim.
Vickie Ahrenius,Duis consequat dui nec nisi volutpat eleifend.
Edin Skellern,Integer non velit.
Geri Calles,"Aliquam augue quam, sollicitudin vitae, consectetuer eget, rutrum at, lorem."
Nikaniki Keese,Etiam vel augue.
Ninetta Bondley,In congue.
Matt Pleass,Mauris sit amet eros.
Viva Dilliway,In sagittis dui vel nisl.
June Drivers,Nullam sit amet turpis elementum ligula vehicula consequat.
Sofia Scholey,Ut at dolor quis odio consequat varius.
Bert Haug,Pellentesque at nulla.
Malachi McQuilliam,Morbi porttitor lorem id ligula.
Jennine McRannell,Aliquam erat volutpat.
Candi Swanne,In hac habitasse platea dictumst.
Odille Addington,"Maecenas leo odio, condimentum id, luctus nec, molestie sed, justo."
Lonna Blues,Phasellus sit amet erat.
Chicky Welbelove,Maecenas pulvinar lobortis est.
Umeko Bassham,Duis ac nibh.
Harri Muriel,Sed sagittis.
Mathian Hendrichs,Maecenas rhoncus aliquam lacus.
Ezra Leif,Nulla ut erat id mauris vulputate elementum.
Brod Cromwell,Phasellus in felis.
Tedda Law,"Integer aliquet, massa id lobortis convallis, tortor risus dapibus augue, vel accumsan tellus nisi eu orci."
Bobbye Jukes,Morbi non quam nec dui luctus rutrum.
Sherwood Holdren,Aenean auctor gravida sem.
Kele Corbridge,Curabitur convallis.
Paige Jopson,Nulla ut erat id mauris vulputate elementum.
Oralia Rist,Aliquam quis turpis eget elit sodales scelerisque.
Moishe Elstub,Cras in purus eu magna vulputate luctus.
Barbe Grzegorecki,Donec posuere metus vitae ipsum.
Freemon Spofford,"Proin leo odio, porttitor id, consequat in, consequat ut, nulla."
Ky Floyd,"Vestibulum ante ipsum primis in faucibus orci luctus et ultrices posuere cubilia Curae; Donec pharetra, magna vestibulum aliquet ultrices, erat tortor sollicitudin mi, sit amet lobortis sapien sapien non mi."
Jean Scottesmoor,"Maecenas tristique, est et tempus semper, est quam pharetra magna, ac consequat metus sapien ut nunc."
Vaclav Courtonne,Donec dapibus.
Wendye Lackham,Nunc rhoncus dui vel sem.
Darill Camock,"Nam ultrices, libero non mattis pulvinar, nulla pede ullamcorper augue, a suscipit nulla elit ac nulla."
Maryanne Brodbin,Integer ac leo.
Dael Waldock,In blandit ultrices enim.
Douglas Reuven,Suspendisse potenti.
Correy Budgey,Curabitur in libero ut massa volutpat convallis.
Gennie Simnett,Aenean sit amet justo.
Jessie Hubach,Suspendisse potenti.
Waldo Ovenell,"Cras mi pede, malesuada in, imperdiet et, commodo vulputate, justo."
Karena Purser,Morbi quis tortor id nulla ultrices aliquet.
Renault O'Brogane,"Donec odio justo, sollicitudin ut, suscipit a, feugiat et, eros."
Otto Asplin,Nulla tellus.
Alvina Spatoni,Nulla tellus.
Maurise Griggs,Praesent blandit.
Nancy Sirman,Nulla justo.
Harper Rosten,Maecenas pulvinar lobortis est.
Harriet Skaid,Cras in purus eu magna vulputate luctus.
Germain Sparling,Morbi a ipsum.
Evan Bladen,Nullam varius.
Brana Grimston,Nunc rhoncus dui vel sem.
Vin Lamping,In hac habitasse platea dictumst.
Baillie Krochmann,"Maecenas tristique, est et tempus semper, est quam pharetra magna, ac consequat metus sapien ut nunc."
Ula Dukesbury,Quisque porta volutpat erat.
Myrtice Tingcomb,Morbi porttitor lorem id ligula.
Giff Pudge,"Donec diam neque, vestibulum eget, vulputate ut, ultrices vel, augue."
Muffin Scipsey,Morbi non lectus.
Pippa Brittian,Pellentesque at nulla.
Harriette Kinney,Praesent blandit lacinia erat.
Ramonda Peto,Fusce consequat.
Barby Van Salzberger,In hac habitasse platea dictumst.
Carlotta Blannin,Proin interdum mauris non ligula pellentesque ultrices.
Shannan Eggers,Pellentesque eget nunc.
Brooks Harsent,"Cum sociis natoque penatibus et magnis dis parturient montes, nascetur ridiculus mus."
Dorisa Notti,Mauris sit amet eros.
Karie Martyn,Integer ac neque.
Carter Moretto,Morbi ut odio.
Petra Waeland,Vivamus vel nulla eget eros elementum pellentesque.
Melany Londors,"Fusce lacus purus, aliquet at, feugiat non, pretium quis, lectus."
Stanwood Biskupek,Aenean lectus.
Dulce Praundlin,"In tempor, turpis nec euismod scelerisque, quam turpis adipiscing lorem, vitae mattis nibh ligula nec sem."
Flor Erdes,Duis bibendum.
Liam Halworth,Cras non velit nec nisi vulputate nonummy.
Isador Wardall,"Lorem ipsum dolor sit amet, consectetuer adipiscing elit."
Durante Cattermole,Morbi a ipsum.
Wesley O'Heyne,"Quisque erat eros, viverra eget, congue eget, semper rutrum, nulla."
Shani Kilfoyle,"Maecenas tristique, est et tempus semper, est quam pharetra magna, ac consequat metus sapien ut nunc."
Melania Stanfield,Suspendisse potenti.
Tulley Sedgman,"Morbi odio odio, elementum eu, interdum eu, tincidunt in, leo."
Grethel Leap,"Maecenas tristique, est et tempus semper, est quam pharetra magna, ac consequat metus sapien ut nunc."
Petronilla McGahy,Nullam porttitor lacus at turpis.
Valry Hawk,Aenean auctor gravida sem.
Leonora Havercroft,Nullam porttitor lacus at turpis.
Abagael Du Fray,Morbi porttitor lorem id ligula.
Gabriele Watkinson,Curabitur gravida nisi at nibh.
Risa Wyndham,Duis consequat dui nec nisi volutpat eleifend.
Min Jeaneau,"In est risus, auctor sed, tristique in, tempus sit amet, sem."
Donny Accomb,"Nam ultrices, libero non mattis pulvinar, nulla pede ullamcorper augue, a suscipit nulla elit ac nulla."
Gabbie Tenpenny,"Nullam orci pede, venenatis non, sodales sed, tincidunt eu, felis."
Evelyn Thurman,Sed ante.
Terrill Merida,Etiam vel augue.
Winifred Cosgry,Integer ac leo.
Lynda Pennycuick,Nunc nisl.
Bethena Pauncefort,Duis consequat dui nec nisi volutpat eleifend.
Raymund Stampe,"Nulla neque libero, convallis eget, eleifend luctus, ultricies eu, nibh."
Louie Kennicott,Nam dui.
Shermy Topper,Vestibulum ante ipsum primis in faucibus orci luctus et ultrices posuere cubilia Curae; Nulla dapibus dolor vel est.
Myer Blanque,Duis aliquam convallis nunc.
Starlene Dun,"Fusce lacus purus, aliquet at, feugiat non, pretium quis, lectus."
Rubie Peregrine,Nunc nisl.
Darryl Matthewson,Aenean auctor gravida sem.
Itch Snashall,Nulla mollis molestie lorem.
Lin Fernely,Duis consequat dui nec nisi volutpat eleifend.
Kliment Risbridge,In hac habitasse platea dictumst.
Rae Gaukroger,"Vestibulum ante ipsum primis in faucibus orci luctus et ultrices posuere cubilia Curae; Donec pharetra, magna vestibulum aliquet ultrices, erat tortor sollicitudin mi, sit amet lobortis sapien sapien non mi."
Lauraine Corser,Phasellus in felis.
Esteban Ensten,"Nulla neque libero, convallis eget, eleifend luctus, ultricies eu, nibh."
Moria Clougher,Morbi non quam nec dui luctus rutrum.
Vanda Seid,"Vestibulum ante ipsum primis in faucibus orci luctus et ultrices posuere cubilia Curae; Donec pharetra, magna vestibulum aliquet ultrices, erat tortor sollicitudin mi, sit amet lobortis sapien sapien non mi."
Godart Gahan,"Donec odio justo, sollicitudin ut, suscipit a, feugiat et, eros."
Jeniffer McCalum,In hac habitasse platea dictumst.
Nevsa Gierck,In hac habitasse platea dictumst.
Anatole Scimone,Vestibulum ante ipsum primis in faucibus orci luctus et ultrices posuere cubilia Curae; Duis faucibus accumsan odio.
Carl Dake,"Proin leo odio, porttitor id, consequat in, consequat ut, nulla."
Nadine Gaunter,Vestibulum ac est lacinia nisi venenatis tristique.
Trista Jugging,Aliquam quis turpis eget elit sodales scelerisque.
Cybill Battie,Maecenas rhoncus aliquam lacus.
Kimberli Liles,"Cum sociis natoque penatibus et magnis dis parturient montes, nascetur ridiculus mus."
Ajay Watmore,Quisque ut erat.
Izak Kearle,"Vestibulum ante ipsum primis in faucibus orci luctus et ultrices posuere cubilia Curae; Donec pharetra, magna vestibulum aliquet ultrices, erat tortor sollicitudin mi, sit amet lobortis sapien sapien non mi."
Ruggiero Fearon,"Fusce lacus purus, aliquet at, feugiat non, pretium quis, lectus."
Ashbey Hanson,"Fusce congue, diam id ornare imperdiet, sapien urna pretium nisl, ut volutpat sapien arcu sed augue."
Ches Gerner,"Morbi vestibulum, velit id pretium iaculis, diam erat fermentum justo, nec condimentum neque sapien placerat ante."
Dyana Ogilby,"Donec diam neque, vestibulum eget, vulputate ut, ultrices vel, augue."
Blinny Gillam,Integer ac neque.
Lambert Spellacey,Maecenas ut massa quis augue luctus tincidunt.
Jamill Sutcliff,Donec posuere metus vitae ipsum.
Florella Braunes,"Vestibulum quam sapien, varius ut, blandit non, interdum in, ante."
Friedrich Cristol,Aliquam sit amet diam in magna bibendum imperdiet.
Christophorus Dwyr,Duis aliquam convallis nunc.
Rheta Speers,Pellentesque ultrices mattis odio.
Doug Cullinan,Aliquam sit amet diam in magna bibendum imperdiet.
Anya Mordacai,Suspendisse ornare consequat lectus.
Konstantin Lauder,Praesent lectus.
Jocelyn Trustey,Nulla tempus.
Blaine Backes,"Vestibulum quam sapien, varius ut, blandit non, interdum in, ante."
Hulda Jaqueminet,Integer a nibh.
Muire Killelea,Mauris sit amet eros.
Roslyn Hallows,Vestibulum ante ipsum primis in faucibus orci luctus et ultrices posuere cubilia Curae; Mauris viverra diam vitae quam.
Arvie Darrington,"Maecenas tristique, est et tempus semper, est quam pharetra magna, ac consequat metus sapien ut nunc."
Salvatore Gandey,"Quisque erat eros, viverra eget, congue eget, semper rutrum, nulla."
Julia Gunter,Proin at turpis a pede posuere nonummy.
Ginelle Battabee,Morbi a ipsum.
Rakel Pittel,Etiam pretium iaculis justo.
Elroy Simenel,"Proin leo odio, porttitor id, consequat in, consequat ut, nulla."
Kali Pittman,In hac habitasse platea dictumst.
Eben Shilton,Nullam porttitor lacus at turpis.
Rosalinda Fillingham,Donec ut dolor.
Kala Gannon,"Vestibulum quam sapien, varius ut, blandit non, interdum in, ante."
Zacharie Trosdall,Pellentesque viverra pede ac diam.
Leia Chupin,"In tempor, turpis nec euismod scelerisque, quam turpis adipiscing lorem, vitae mattis nibh ligula nec sem."
Olivie Robker,Sed ante.
Coletta Delahunt,Nam nulla.
Raymond Shoesmith,Nam nulla.
Randy Growcock,In blandit ultrices enim.
Zulema Mitchener,Nunc nisl.
Nita Castelot,Duis consequat dui nec nisi volutpat eleifend.
Tasia Fieldstone,"Integer pede justo, lacinia eget, tincidunt eget, tempus vel, pede."
Matty Ratley,"In est risus, auctor sed, tristique in, tempus sit amet, sem."
Andris Slimm,Vestibulum ac est lacinia nisi venenatis tristique.
Jaine Frisch,Integer ac leo.
Joela Stille,Phasellus in felis.
Averil Ramel,"Integer pede justo, lacinia eget, tincidunt eget, tempus vel, pede."
Aili Landsborough,Proin at turpis a pede posuere nonummy.
Linnie Godbehere,Maecenas pulvinar lobortis est.
Northrop Gerbel,Vestibulum sed magna at nunc commodo placerat.
Alissa Clemmett,Sed ante.
Elle Rosewarne,"In tempor, turpis nec euismod scelerisque, quam turpis adipiscing lorem, vitae mattis nibh ligula nec sem."
Clary Rackham,Morbi ut odio.
Shannon Gottschalk,Phasellus sit amet erat.
Whitby Attawell,Pellentesque eget nunc.
Vanda Maddicks,"Duis bibendum, felis sed interdum venenatis, turpis enim blandit mi, in porttitor pede justo eu massa."
Francyne Klamman,Nulla nisl.
Adaline Avraam,Curabitur gravida nisi at nibh.
Cathi Lever,Nulla mollis molestie lorem.
Hana Siegertsz,Curabitur convallis.
Wendy Sheara,Nullam varius.
Lorena Heffron,Praesent blandit.
Joshua Armatys,"Aliquam augue quam, sollicitudin vitae, consectetuer eget, rutrum at, lorem."
Jacquelin Peterson,Nulla ac enim.
Algernon Canadine,Quisque id justo sit amet sapien dignissim vestibulum.
Georgena Jzhakov,Donec semper sapien a libero.
Rriocard Fellgate,"Fusce lacus purus, aliquet at, feugiat non, pretium quis, lectus."
Stearne Grayston,"Cum sociis natoque penatibus et magnis dis parturient montes, nascetur ridiculus mus."
Cloe Stidever,Vestibulum sed magna at nunc commodo placerat.
Calhoun Peron,Sed sagittis.
Lauren Gopsall,Etiam vel augue.
Belia Tomaszek,Nulla justo.
Denney Bailles,Vestibulum ante ipsum primis in faucibus orci luctus et ultrices posuere cubilia Curae; Duis faucibus accumsan odio.
Maddalena Bernot,Vestibulum ante ipsum primis in faucibus orci luctus et ultrices posuere cubilia Curae; Nulla dapibus dolor vel est.
Auberon Jepps,Vestibulum ante ipsum primis in faucibus orci luctus et ultrices posuere cubilia Curae; Duis faucibus accumsan odio.
Robenia Souttar,Nam nulla.
Kandy Jaffrey,Vestibulum ac est lacinia nisi venenatis tristique.
Kayle Yeomans,Curabitur in libero ut massa volutpat convallis.
Emmaline McArtan,Nulla nisl.
Devin Van Velde,"Morbi vestibulum, velit id pretium iaculis, diam erat fermentum justo, nec condimentum neque sapien placerat ante."
Lindy Imore,"Integer pede justo, lacinia eget, tincidunt eget, tempus vel, pede."
Sibeal Suttle,Nulla justo.
Nessie Folley,Suspendisse potenti.
Kip Suckling,In quis justo.
Inesita Hinckesman,"Maecenas tristique, est et tempus semper, est quam pharetra magna, ac consequat metus sapien ut nunc."
Anne-corinne Chape,Nunc rhoncus dui vel sem.
Donn Tesh,Ut tellus.
Cecilla Badman,Quisque id justo sit amet sapien dignissim vestibulum.
Felix Crosdill,Nulla suscipit ligula in lacus.
Pattie Gonthier,Donec vitae nisi.
Brittani Fentem,Nam dui.
Ivory Cathel,Aliquam erat volutpat.
Heath Wilkerson,Duis ac nibh.
Faith Kulver,Cras pellentesque volutpat dui.
Pierre Cleare,Nunc purus.
Kaleb Laight,Fusce posuere felis sed lacus.
Flss Boggis,Sed ante.
Vida Scowcraft,"Vestibulum ante ipsum primis in faucibus orci luctus et ultrices posuere cubilia Curae; Donec pharetra, magna vestibulum aliquet ultrices, erat tortor sollicitudin mi, sit amet lobortis sapien sapien non mi."
Sibelle Dudden,Nunc nisl.
Bernita Isaacson,Aliquam erat volutpat.
Silvie Baverstock,Aenean fermentum.
Pollyanna Baurerich,Nam tristique tortor eu pede.
Kaye Peek,Morbi porttitor lorem id ligula.
Galina Rishbrook,In sagittis dui vel nisl.
Raquel Glyde,Aenean sit amet justo.
Astrid Ringer,Phasellus id sapien in sapien iaculis congue.
Mehetabel Tolchard,Donec ut mauris eget massa tempor convallis.
Milicent Keeves,Duis bibendum.
Kenton Brabant,"Donec odio justo, sollicitudin ut, suscipit a, feugiat et, eros."
Koren Pallent,Vestibulum ante ipsum primis in faucibus orci luctus et ultrices posuere cubilia Curae; Nulla dapibus dolor vel est.
Haven Gowanlock,Sed ante.
Kermie Caisley,Proin risus.
Mickie Gueste,In hac habitasse platea dictumst.
Charlena Willoway,Suspendisse potenti.
Cristin Hellens,Vestibulum ante ipsum primis in faucibus orci luctus et ultrices posuere cubilia Curae; Nulla dapibus dolor vel est.
Brook Tomczykowski,Sed accumsan felis.
Sven Rennles,"Maecenas tristique, est et tempus semper, est quam pharetra magna, ac consequat metus sapien ut nunc."
Nelie Valiant,Proin eu mi.
Felike Lampe,Praesent blandit lacinia erat.
Zenia Durling,Fusce posuere felis sed lacus.
Kirby Cornhill,"Duis bibendum, felis sed interdum venenatis, turpis enim blandit mi, in porttitor pede justo eu massa."
Latrena Atcheson,"Aliquam augue quam, sollicitudin vitae, consectetuer eget, rutrum at, lorem."
Hercule Thrift,Etiam faucibus cursus urna.
Scot Philpots,In eleifend quam a odio.
Stanislas Truder,Phasellus sit amet erat.
Jae Johnsson,Vivamus vestibulum sagittis sapien.
Biddie Deverose,Sed vel enim sit amet nunc viverra dapibus.
Addy O'Finan,"Mauris enim leo, rhoncus sed, vestibulum sit amet, cursus id, turpis."
Osbert Cottie,Praesent blandit.
Vinita McPhillimey,Cras non velit nec nisi vulputate nonummy.
Bibbye Gueste,Integer a nibh.
Frank Roll,Morbi ut odio.
Becki Jowett,In sagittis dui vel nisl.
Phineas McNeill,In hac habitasse platea dictumst.
Sashenka Gherardesci,Etiam vel augue.
Janka Norris,"In est risus, auctor sed, tristique in, tempus sit amet, sem."
Enid Alyokhin,Sed accumsan felis.
Peggy McGarvey,Curabitur convallis.
Shannon Sailor,Etiam pretium iaculis justo.
Dannye Vlies,"Cum sociis natoque penatibus et magnis dis parturient montes, nascetur ridiculus mus."
Lexie Morgue,"In est risus, auctor sed, tristique in, tempus sit amet, sem."
Doralyn Fitt,"Quisque arcu libero, rutrum ac, lobortis vel, dapibus at, diam."
Stormi Wackett,Pellentesque viverra pede ac diam.
Carlota Joire,Sed vel enim sit amet nunc viverra dapibus.
Catrina Houlston,Nulla nisl.
Brade Mutlow,"Integer aliquet, massa id lobortis convallis, tortor risus dapibus augue, vel accumsan tellus nisi eu orci."
Emmanuel Lanaway,Quisque id justo sit amet sapien dignissim vestibulum.
Alie Legerton,Nulla ac enim.
Amalee Oxtiby,"Aliquam augue quam, sollicitudin vitae, consectetuer eget, rutrum at, lorem."
Orelle Bamblett,In quis justo.
Inger McManamon,Suspendisse potenti.
Barnebas Bilborough,"Maecenas tristique, est et tempus semper, est quam pharetra magna, ac consequat metus sapien ut nunc."
Katrinka Kinnerk,In hac habitasse platea dictumst.
Elvin Gerssam,Donec quis orci eget orci vehicula condimentum.
Maryjane Balazin,Duis aliquam convallis nunc.
Susanne Ramard,Morbi non lectus.
Sharline Udey,In hac habitasse platea dictumst.
Sheffy Armand,Suspendisse potenti.
Eveline Bowie,Praesent blandit lacinia erat.
Clayson Batte,Maecenas rhoncus aliquam lacus.
Ermin Venner,Aliquam quis turpis eget elit sodales scelerisque.
Simone Ridoutt,Nam tristique tortor eu pede.
Davine Eddy,Nullam porttitor lacus at turpis.
Maiga Gobat,"Fusce congue, diam id ornare imperdiet, sapien urna pretium nisl, ut volutpat sapien arcu sed augue."
Brion Peterken,"Lorem ipsum dolor sit amet, consectetuer adipiscing elit."
Piotr Binnall,Donec quis orci eget orci vehicula condimentum.
Kelcy Meric,Mauris lacinia sapien quis libero.
Leslie Phoenix,"Vivamus metus arcu, adipiscing molestie, hendrerit at, vulputate vitae, nisl."
Olvan Ladewig,Pellentesque ultrices mattis odio.
Carlotta Ashelford,Quisque id justo sit amet sapien dignissim vestibulum.
Ari Bangham,Aenean lectus.
Robinetta Richemont,Donec dapibus.
Solomon Landers,Morbi vel lectus in quam fringilla rhoncus.
Calhoun Norquoy,"Lorem ipsum dolor sit amet, consectetuer adipiscing elit."
Lazar Glaum,Maecenas rhoncus aliquam lacus.
Traci Guidelli,Aenean fermentum.
Nickie Domleo,Nam tristique tortor eu pede.
Mylo Conyard,Nulla nisl.
Kevina Minnock,"Nam ultrices, libero non mattis pulvinar, nulla pede ullamcorper augue, a suscipit nulla elit ac nulla."
Nertie Baradel,Suspendisse accumsan tortor quis turpis.
Marji McCuffie,"Morbi vestibulum, velit id pretium iaculis, diam erat fermentum justo, nec condimentum neque sapien placerat ante."
Waylan Curteis,Vestibulum sed magna at nunc commodo placerat.
Skippy Pawellek,Nulla mollis molestie lorem.
Joane Tockell,Phasellus id sapien in sapien iaculis congue.
Cirillo Andries,In hac habitasse platea dictumst.
Deeann Blay,Nulla suscipit ligula in lacus.
Panchito Illston,Maecenas ut massa quis augue luctus tincidunt.
Cristy Mathen,Sed vel enim sit amet nunc viverra dapibus.
Gasparo Eliot,Phasellus sit amet erat.
Redford Mably,"Donec odio justo, sollicitudin ut, suscipit a, feugiat et, eros."
Ernie Durrell,"Cum sociis natoque penatibus et magnis dis parturient montes, nascetur ridiculus mus."
Andres Parnell,Vivamus vel nulla eget eros elementum pellentesque.
Guillaume Birdwhistle,Pellentesque at nulla.
Anastassia McGarrahan,Proin eu mi.
Dewey Treves,Nullam varius.
Barret Pethick,"Maecenas tristique, est et tempus semper, est quam pharetra magna, ac consequat metus sapien ut nunc."
Brittni Segges,Morbi a ipsum.
Octavia Besemer,Ut tellus.
Sarge Bransby,"Integer pede justo, lacinia eget, tincidunt eget, tempus vel, pede."
Nowell Ruffy,Nulla ut erat id mauris vulputate elementum.
Onofredo Spurryer,"Fusce congue, diam id ornare imperdiet, sapien urna pretium nisl, ut volutpat sapien arcu sed augue."
Clari Guynemer,Maecenas ut massa quis augue luctus tincidunt.
Anneliese Rapley,"Integer aliquet, massa id lobortis convallis, tortor risus dapibus augue, vel accumsan tellus nisi eu orci."
Gerrilee Langworthy,Etiam justo.
Kaile Rissom,Phasellus sit amet erat.
Myrtie Bernth,"Integer pede justo, lacinia eget, tincidunt eget, tempus vel, pede."
Loydie Rydzynski,Etiam vel augue.
Klarika Bartoletti,Suspendisse accumsan tortor quis turpis.
Godfree Van Castele,Donec semper sapien a libero.
Cristian Clewett,Nullam sit amet turpis elementum ligula vehicula consequat.
Pammi Cursey,Praesent blandit.
Sarah McHale,In hac habitasse platea dictumst.
Benyamin Whiten,Duis consequat dui nec nisi volutpat eleifend.
Louise Sigge,"Fusce lacus purus, aliquet at, feugiat non, pretium quis, lectus."
Geri McKue,Nulla facilisi.
Delmore Milward,"Mauris enim leo, rhoncus sed, vestibulum sit amet, cursus id, turpis."
Jonathan Hankard,Vestibulum ac est lacinia nisi venenatis tristique.
Wendie Shane,"Quisque erat eros, viverra eget, congue eget, semper rutrum, nulla."
Cash Winslade,Nulla ut erat id mauris vulputate elementum.
Marj Bertouloume,Donec semper sapien a libero.
Ulberto Bilbery,Nam nulla.
Gerianna Shardlow,Morbi vel lectus in quam fringilla rhoncus.
Gwenore Holttom,Sed vel enim sit amet nunc viverra dapibus.
Janos Kleinlerer,Proin risus.
Gard BoHlingolsen,Donec ut mauris eget massa tempor convallis.
Elton Noen,Proin risus.
Ileane Vankov,In hac habitasse platea dictumst.
Brigitta Huskinson,Mauris sit amet eros.
Stafani Scullion,Nunc purus.
Mozelle Todaro,In hac habitasse platea dictumst.
Davon Castagno,Nullam molestie nibh in lectus.
Deva Woodyatt,Nulla suscipit ligula in lacus.
Trixy Aguirrezabal,Phasellus sit amet erat.
Steffie Cavolini,Etiam justo.
Octavia Wilfinger,Etiam vel augue.
Emmey Earey,Curabitur convallis.
Darsey Pimme,"In est risus, auctor sed, tristique in, tempus sit amet, sem."
Boonie Ramiro,Praesent lectus.
Tadd Brodeau,Nunc rhoncus dui vel sem.
Jacki Gaize,"Maecenas tristique, est et tempus semper, est quam pharetra magna, ac consequat metus sapien ut nunc."
Cristy Whitehair,Praesent blandit lacinia erat.
Stanislaus Mably,Duis at velit eu est congue elementum.
Fitzgerald Moakes,Morbi ut odio.
Patrick Bollam,Pellentesque at nulla.
Debbie Huggins,"Integer aliquet, massa id lobortis convallis, tortor risus dapibus augue, vel accumsan tellus nisi eu orci."
Hasheem Pinor,Morbi non lectus.
Burke Kaasmann,Duis mattis egestas metus.
Xena Critten,Nulla justo.
Austen Ayto,Mauris lacinia sapien quis libero.
Andrej Sturdgess,"Nulla neque libero, convallis eget, eleifend luctus, ultricies eu, nibh."
Roxi Gritland,Proin at turpis a pede posuere nonummy.
Nettie Brockington,Nunc rhoncus dui vel sem.
Ina Kennedy,Quisque ut erat.
Nathanial Kemish,"Morbi odio odio, elementum eu, interdum eu, tincidunt in, leo."
Brooks Chmiel,Proin eu mi.
Tamas Corfield,Nulla justo.
Weidar Stutte,"In est risus, auctor sed, tristique in, tempus sit amet, sem."
Gretal Churching,Nulla tellus.
Rosmunda Hearnshaw,Maecenas tincidunt lacus at velit.
Montague Celier,Fusce consequat.
Gaspard Flatley,Curabitur gravida nisi at nibh.
Mason Jencken,Maecenas pulvinar lobortis est.
Jessika Showt,"Maecenas leo odio, condimentum id, luctus nec, molestie sed, justo."
Selena Dwelly,"Mauris enim leo, rhoncus sed, vestibulum sit amet, cursus id, turpis."
Siana Jugging,Nullam varius.
Hanni Ainscough,"Quisque erat eros, viverra eget, congue eget, semper rutrum, nulla."
Kimbell Priscott,Mauris ullamcorper purus sit amet nulla.
Chere Scalera,Nunc purus.
Nalani Berick,Etiam pretium iaculis justo.
Kattie Dowdle,Duis at velit eu est congue elementum.
Kareem Pund,Phasellus in felis.
Atlante Huws,Aliquam erat volutpat.
Darla Oene,Aliquam non mauris.
Christa Juste,Ut at dolor quis odio consequat varius.
Kelsy Blois,Vestibulum sed magna at nunc commodo placerat.
Allys Huskisson,Vivamus vestibulum sagittis sapien.
Myrtia Churn,Morbi non lectus.
Selena Delleschi,"Vestibulum ante ipsum primis in faucibus orci luctus et ultrices posuere cubilia Curae; Donec pharetra, magna vestibulum aliquet ultrices, erat tortor sollicitudin mi, sit amet lobortis sapien sapien non mi."
Aeriela Butterley,Morbi non lectus.
Dedra Swafford,Phasellus id sapien in sapien iaculis congue.
Felipa Matschek,Sed accumsan felis.
Chicky Petegre,Proin eu mi.
Samuel Knappe,"Nullam orci pede, venenatis non, sodales sed, tincidunt eu, felis."
Otes Thome,Phasellus in felis.
Drona Hunstone,Aenean fermentum.
Beulah Howett,Aliquam erat volutpat.
Constantia Terzi,In hac habitasse platea dictumst.
Sergent Abadam,In sagittis dui vel nisl.
Suzie Rudolfer,"Lorem ipsum dolor sit amet, consectetuer adipiscing elit."
Ilsa Town,Sed sagittis.
Charles Sibbons,Morbi ut odio.
James Sansun,Nunc rhoncus dui vel sem.
Warden Leidl,Ut at dolor quis odio consequat varius.
Rafaelia McColgan,Vivamus vel nulla eget eros elementum pellentesque.
Layton Bassingden,Duis consequat dui nec nisi volutpat eleifend.
Kristofer Worrell,Cras in purus eu magna vulputate luctus.
Marcela Narraway,"Aliquam augue quam, sollicitudin vitae, consectetuer eget, rutrum at, lorem."
Munmro Ciccoloi,Nullam molestie nibh in lectus.
Priscilla Craighall,"Nulla neque libero, convallis eget, eleifend luctus, ultricies eu, nibh."
Jennee Eatock,Sed ante.
Brear Tue,Morbi non lectus.
Zacharias Stonhouse,Mauris lacinia sapien quis libero.
Petronia Leggat,Donec ut mauris eget massa tempor convallis.
Dyanna Ojeda,"Lorem ipsum dolor sit amet, consectetuer adipiscing elit."
Gustaf Tofanini,Nulla tempus.
Marie-ann Junkison,Integer non velit.
Keen Mendez,Vestibulum ante ipsum primis in faucibus orci luctus et ultrices posuere cubilia Curae; Mauris viverra diam vitae quam.
Melodee Ryton,Morbi non quam nec dui luctus rutrum.
Aleksandr Torns,Nullam porttitor lacus at turpis.
Delmer Hardiman,Morbi non lectus.
Sonny Condy,Nullam molestie nibh in lectus.
Artie Keele,Donec ut dolor.
Bertina Haseldine,Maecenas ut massa quis augue luctus tincidunt.
Maddalena Ronisch,Etiam justo.
Helge Crickett,"Fusce congue, diam id ornare imperdiet, sapien urna pretium nisl, ut volutpat sapien arcu sed augue."
Marlena Fodden,"Nam ultrices, libero non mattis pulvinar, nulla pede ullamcorper augue, a suscipit nulla elit ac nulla."
Chandra Van den Velde,"Quisque erat eros, viverra eget, congue eget, semper rutrum, nulla."
Zahara Ivashov,In hac habitasse platea dictumst.
Ianthe Peirson,Morbi vel lectus in quam fringilla rhoncus.
Eduard Grigoroni,Duis mattis egestas metus.
Matias Sinyard,"Morbi vestibulum, velit id pretium iaculis, diam erat fermentum justo, nec condimentum neque sapien placerat ante."
Mechelle Cantrill,Vestibulum sed magna at nunc commodo placerat.
Shea De Bernardis,Phasellus id sapien in sapien iaculis congue.
Carlin Demeza,Proin at turpis a pede posuere nonummy.
Lowrance Stansall,Nulla facilisi.
Noni Stevenson,Nullam porttitor lacus at turpis.
Roselle Rookesby,Vestibulum rutrum rutrum neque.
Roberta Mulchrone,Suspendisse potenti.
Giulio Chaff,"In tempor, turpis nec euismod scelerisque, quam turpis adipiscing lorem, vitae mattis nibh ligula nec sem."
Nye O'Carrol,Donec ut dolor.
Myles Cowlam,In hac habitasse platea dictumst.
Corey Ellice,Proin eu mi.
Marijn Earngy,Donec quis orci eget orci vehicula condimentum.
Arnaldo Gilffilland,Maecenas ut massa quis augue luctus tincidunt.
Dwain Littlepage,Maecenas ut massa quis augue luctus tincidunt.
Aprilette Emmet,Sed sagittis.
Audie Naylor,Vivamus tortor.
Matilde Gavrielly,"Mauris enim leo, rhoncus sed, vestibulum sit amet, cursus id, turpis."
Trueman Durno,Morbi vel lectus in quam fringilla rhoncus.
Franz Priden,"Morbi vestibulum, velit id pretium iaculis, diam erat fermentum justo, nec condimentum neque sapien placerat ante."
Odele Wollen,Mauris lacinia sapien quis libero.
Johnna Licciardello,Praesent id massa id nisl venenatis lacinia.
Lucien Jakubowsky,Vivamus vestibulum sagittis sapien.
Ky Lisett,"Vivamus metus arcu, adipiscing molestie, hendrerit at, vulputate vitae, nisl."
Cristiano Lyddiard,In blandit ultrices enim.
Marvin Hollyland,Morbi quis tortor id nulla ultrices aliquet.
Brigitta Dunthorn,In hac habitasse platea dictumst.
Constantina Albro,Nulla ut erat id mauris vulputate elementum.
Aili Balassa,"Donec odio justo, sollicitudin ut, suscipit a, feugiat et, eros."
Claybourne Hirche,Vestibulum ante ipsum primis in faucibus orci luctus et ultrices posuere cubilia Curae; Duis faucibus accumsan odio.
Reiko Matchett,Vestibulum rutrum rutrum neque.
Roana Rawlin,In congue.
Daloris Wickens,Phasellus in felis.
Marisa Attoc,Vestibulum ac est lacinia nisi venenatis tristique.
Leigha Toppas,In hac habitasse platea dictumst.
Philippine Dani,Etiam vel augue.
Joela Snawdon,Morbi porttitor lorem id ligula.
Roselle Hurn,Maecenas pulvinar lobortis est.
Karna Ogus,"Aliquam augue quam, sollicitudin vitae, consectetuer eget, rutrum at, lorem."
Thatch Uttridge,"In tempor, turpis nec euismod scelerisque, quam turpis adipiscing lorem, vitae mattis nibh ligula nec sem."
Findley Orneles,Sed accumsan felis.
Abbi Goodale,"Nam congue, risus semper porta volutpat, quam pede lobortis ligula, sit amet eleifend pede libero quis orci."
Diann Gullam,"Fusce lacus purus, aliquet at, feugiat non, pretium quis, lectus."
Mella Skitt,Quisque id justo sit amet sapien dignissim vestibulum.
Merv Busch,Duis mattis egestas metus.
Winifield Ticehurst,Curabitur convallis.
Kaitlyn Dubble,Nulla tellus.
Maudie Mawd,In quis justo.
Christal Abade,Integer a nibh.
Corney Jallin,"Maecenas leo odio, condimentum id, luctus nec, molestie sed, justo."
Greta Cana,Sed sagittis.
Alane Struss,Pellentesque viverra pede ac diam.
Shalom Joontjes,"Quisque erat eros, viverra eget, congue eget, semper rutrum, nulla."
Yasmeen Middiff,Praesent blandit lacinia erat.
Idell Muckeen,Nulla tempus.
Esdras Cherry,Curabitur gravida nisi at nibh.
Craggie Coch,Ut at dolor quis odio consequat varius.
Deane Raiman,Ut at dolor quis odio consequat varius.
Dorrie Costin,"Lorem ipsum dolor sit amet, consectetuer adipiscing elit."
Krista Bascomb,Vestibulum ante ipsum primis in faucibus orci luctus et ultrices posuere cubilia Curae; Mauris viverra diam vitae quam.
Angie Lafaye,Integer non velit.
Arlyne Hatton,Nulla facilisi.
Jolene Kenelin,In quis justo.
Amandi Jost,Proin risus.
Malchy Gebbie,"Vivamus metus arcu, adipiscing molestie, hendrerit at, vulputate vitae, nisl."
Elliott Burrells,Nulla ac enim.
Cortney Geale,Mauris lacinia sapien quis libero.
Louisa Sherwell,Nullam porttitor lacus at turpis.
Kelley Antonognoli,Cras in purus eu magna vulputate luctus.
Sarah Shevelin,Nulla justo.
Amery Huyghe,Vestibulum ante ipsum primis in faucibus orci luctus et ultrices posuere cubilia Curae; Duis faucibus accumsan odio.
Kipp Whitsey,"Lorem ipsum dolor sit amet, consectetuer adipiscing elit."
Cristi Cramb,Nam dui.
Idalina Jurries,Pellentesque at nulla.
Chastity Ismay,Duis ac nibh.
Roch Kittiman,Nullam sit amet turpis elementum ligula vehicula consequat.
Evyn MacSkeaghan,"Vivamus metus arcu, adipiscing molestie, hendrerit at, vulputate vitae, nisl."
Rabi Adlem,Praesent lectus.
Antons Bales,Etiam faucibus cursus urna.
Madella Kedge,Curabitur convallis.
Desmund Bengefield,Nam tristique tortor eu pede.
Wesley Miles,"Mauris enim leo, rhoncus sed, vestibulum sit amet, cursus id, turpis."
Bobbette Meert,Morbi non lectus.
Merry Palatino,Vestibulum sed magna at nunc commodo placerat.
Tait Carillo,Praesent lectus.
Meredithe Cockshott,Nullam sit amet turpis elementum ligula vehicula consequat.
Adams Nardrup,In blandit ultrices enim.
Sigismundo Greenly,Donec semper sapien a libero.
Jody McCauley,Nulla ac enim.
Britt Czajkowski,"Nullam orci pede, venenatis non, sodales sed, tincidunt eu, felis."
Stacee Northeast,In quis justo.
Merry Carthy,"Nulla neque libero, convallis eget, eleifend luctus, ultricies eu, nibh."
Claudine Clohisey,Maecenas ut massa quis augue luctus tincidunt.
Dunstan Eblein,Nunc purus.
Emylee Fitzhenry,Praesent id massa id nisl venenatis lacinia.
Ardeen Ciccottio,Nullam porttitor lacus at turpis.
Milka Pownall,Donec semper sapien a libero.
Constantine Knowler,Fusce consequat.
Abramo Thody,Duis at velit eu est congue elementum.
Hinda Adamovich,Morbi non lectus.
Tyrone Keeley,Nulla facilisi.
Page Meagh,"Fusce congue, diam id ornare imperdiet, sapien urna pretium nisl, ut volutpat sapien arcu sed augue."
Rolph Labrone,"Donec diam neque, vestibulum eget, vulputate ut, ultrices vel, augue."
Daffie Kingsnorth,Aliquam sit amet diam in magna bibendum imperdiet.
Alfonse Wilcher,Mauris ullamcorper purus sit amet nulla.
Umeko Adamson,Morbi non lectus.
Joelle Shreenan,In hac habitasse platea dictumst.
Ronda Yitzowitz,Vestibulum ante ipsum primis in faucibus orci luctus et ultrices posuere cubilia Curae; Duis faucibus accumsan odio.
Aurelea Bambrough,Etiam vel augue.
Glenine Rattenberie,"Cum sociis natoque penatibus et magnis dis parturient montes, nascetur ridiculus mus."
Iona Gunner,In blandit ultrices enim.
Elie Norledge,"Fusce congue, diam id ornare imperdiet, sapien urna pretium nisl, ut volutpat sapien arcu sed augue."
Mahmoud Tubritt,Mauris lacinia sapien quis libero.
Sara-ann Kester,"Integer aliquet, massa id lobortis convallis, tortor risus dapibus augue, vel accumsan tellus nisi eu orci."
Emmy Klimushev,Curabitur at ipsum ac tellus semper interdum.
Myrtia Everall,Phasellus sit amet erat.
Karlotte Mellmer,Integer tincidunt ante vel ipsum.
Shelden Pittem,Ut tellus.
Mersey Doorly,Morbi non quam nec dui luctus rutrum.
Fancy Sturgis,Sed vel enim sit amet nunc viverra dapibus.
Yovonnda Ambrozik,Suspendisse potenti.
Sherwood Huygen,Nam tristique tortor eu pede.
Andrey Anglim,Nulla tempus.
Finlay Muskett,Maecenas tincidunt lacus at velit.
Ardelle Rockingham,Quisque porta volutpat erat.
Rubia Dellenty,"Vivamus metus arcu, adipiscing molestie, hendrerit at, vulputate vitae, nisl."
Annabelle Beausang,Nam nulla.
Roosevelt Crosskill,Donec vitae nisi.
Emlyn Glasebrook,Maecenas ut massa quis augue luctus tincidunt.
Herminia Grinval,"Duis bibendum, felis sed interdum venenatis, turpis enim blandit mi, in porttitor pede justo eu massa."
Gav Noddle,Vestibulum ante ipsum primis in faucibus orci luctus et ultrices posuere cubilia Curae; Mauris viverra diam vitae quam.
Phillie Grieger,Aliquam erat volutpat.
Blanch Paridge,"Lorem ipsum dolor sit amet, consectetuer adipiscing elit."
Sibylle Aicheson,Vestibulum sed magna at nunc commodo placerat.
Laurice Golston,"Maecenas leo odio, condimentum id, luctus nec, molestie sed, justo."
Hedwig Junkinson,Nam nulla.
Christoph Caughan,"Vestibulum quam sapien, varius ut, blandit non, interdum in, ante."
Arlie Clearie,"In tempor, turpis nec euismod scelerisque, quam turpis adipiscing lorem, vitae mattis nibh ligula nec sem."
Maurita Brood,Pellentesque at nulla.
Rollie Burdas,Vivamus tortor.
Viole Purcell,Nulla suscipit ligula in lacus.
Jacquelynn Fisbburne,Suspendisse potenti.
Terrence Fouldes,Nulla mollis molestie lorem.
Nedda Laycock,Nulla ut erat id mauris vulputate elementum.
Theobald O'Kerin,Maecenas ut massa quis augue luctus tincidunt.
Doug Letch,Vestibulum ante ipsum primis in faucibus orci luctus et ultrices posuere cubilia Curae; Nulla dapibus dolor vel est.
Caryl Haddrill,"Morbi odio odio, elementum eu, interdum eu, tincidunt in, leo."
Benton Esgate,In hac habitasse platea dictumst.
Clemmie Taks,Nulla ut erat id mauris vulputate elementum.
Shena Zolini,"Cras mi pede, malesuada in, imperdiet et, commodo vulputate, justo."
Christophorus Commuzzo,Cras pellentesque volutpat dui.
Kathlin Doughton,Suspendisse ornare consequat lectus.
Maye O'Henecan,Praesent blandit lacinia erat.
Hatty Bielby,"Duis bibendum, felis sed interdum venenatis, turpis enim blandit mi, in porttitor pede justo eu massa."
Isiahi Forsdicke,Proin eu mi.
Janos Clitheroe,Duis at velit eu est congue elementum.
Amalea Amsden,Morbi non quam nec dui luctus rutrum.
Katharine Carlino,In hac habitasse platea dictumst.
Peadar Brazel,"Vestibulum ante ipsum primis in faucibus orci luctus et ultrices posuere cubilia Curae; Donec pharetra, magna vestibulum aliquet ultrices, erat tortor sollicitudin mi, sit amet lobortis sapien sapien non mi."
Clive Sillwood,Praesent lectus.
Nicholle Calderbank,In congue.
Thorn Grigolashvill,Nam nulla.
Hardy Reihm,Aliquam sit amet diam in magna bibendum imperdiet.
Karina Punshon,"Morbi vestibulum, velit id pretium iaculis, diam erat fermentum justo, nec condimentum neque sapien placerat ante."
Ezmeralda Le Sieur,Sed vel enim sit amet nunc viverra dapibus.
Dicky Jeaves,Duis consequat dui nec nisi volutpat eleifend.
Randolf Baudic,"In est risus, auctor sed, tristique in, tempus sit amet, sem."
Meier Gommowe,Proin risus.
Adolphus Thompstone,"Maecenas leo odio, condimentum id, luctus nec, molestie sed, justo."
Jonas Rawlins,Nullam sit amet turpis elementum ligula vehicula consequat.
Vasili Dincke,Sed ante.
Muire Halfacre,"Integer aliquet, massa id lobortis convallis, tortor risus dapibus augue, vel accumsan tellus nisi eu orci."
Jackie Vagg,Phasellus in felis.
Gerome Batterham,Mauris lacinia sapien quis libero.
Idelle Ely,"Lorem ipsum dolor sit amet, consectetuer adipiscing elit."
Sim Heale,Etiam faucibus cursus urna.
Farah Hedin,Nulla facilisi.
Edie Fritchley,"Morbi odio odio, elementum eu, interdum eu, tincidunt in, leo."
Blithe Winfield,"Integer aliquet, massa id lobortis convallis, tortor risus dapibus augue, vel accumsan tellus nisi eu orci."
Dee dee Davidou,Duis consequat dui nec nisi volutpat eleifend.
Rutger McClaren,Duis at velit eu est congue elementum.
Dara Gypson,Praesent blandit lacinia erat.
Mal Mattack,Integer ac leo.
Lanita Joiris,Vivamus vel nulla eget eros elementum pellentesque.
Katrinka Struis,"Cum sociis natoque penatibus et magnis dis parturient montes, nascetur ridiculus mus."
Zebulon Shevlin,Maecenas tincidunt lacus at velit.
Miguela De Domenici,Proin risus.
Beaufort Corris,Praesent blandit.
Deck Martugin,Donec quis orci eget orci vehicula condimentum.
Howard Sickamore,Vestibulum rutrum rutrum neque.
Katusha Augur,Etiam vel augue.
Farrand Broughton,Curabitur at ipsum ac tellus semper interdum.
Christina Commings,Curabitur at ipsum ac tellus semper interdum.
Clotilda MacKee,Morbi porttitor lorem id ligula.
Aubine Jenson,Curabitur convallis.
Eustacia Glasheen,Nunc nisl.
Alfonso Honnan,"Morbi odio odio, elementum eu, interdum eu, tincidunt in, leo."
Alon Bellwood,Aenean fermentum.
Kandy Caddock,"Nam congue, risus semper porta volutpat, quam pede lobortis ligula, sit amet eleifend pede libero quis orci."
Cherye Gutowski,Vivamus tortor.
Ernst Alexandrou,Aliquam erat volutpat.
Edlin Craker,Vivamus vel nulla eget eros elementum pellentesque.
Ainslie Ovell,Nullam sit amet turpis elementum ligula vehicula consequat.
Deena Arsey,Suspendisse potenti.
Carilyn Broyd,Sed ante.
Louise Philbrick,"Nulla neque libero, convallis eget, eleifend luctus, ultricies eu, nibh."
Theodosia Willcott,"Duis bibendum, felis sed interdum venenatis, turpis enim blandit mi, in porttitor pede justo eu massa."
Ashleigh Sapena,Integer tincidunt ante vel ipsum.
Peg Gerling,Pellentesque eget nunc.
Heather McCarrison,"Morbi sem mauris, laoreet ut, rhoncus aliquet, pulvinar sed, nisl."
Sammy Rubinfeld,"Duis bibendum, felis sed interdum venenatis, turpis enim blandit mi, in porttitor pede justo eu massa."
Jenilee Malamore,Nunc rhoncus dui vel sem.
Louise Woolforde,Vestibulum sed magna at nunc commodo placerat.
Richmound Kyngdon,Donec ut mauris eget massa tempor convallis.
Sadella Gossage,Proin eu mi.
Brandice Griffoen,"Fusce congue, diam id ornare imperdiet, sapien urna pretium nisl, ut volutpat sapien arcu sed augue."
Dulce Simond,In congue.
Clyde Cobbin,Donec vitae nisi.
Susette Baulk,Curabitur in libero ut massa volutpat convallis.
Humphrey Alexandersson,"Nulla neque libero, convallis eget, eleifend luctus, ultricies eu, nibh."
Patton McGrory,Donec posuere metus vitae ipsum.
Beckie Saterweyte,"Morbi vestibulum, velit id pretium iaculis, diam erat fermentum justo, nec condimentum neque sapien placerat ante."
Fredra Folbige,In blandit ultrices enim.
Jocelyn Willcox,Ut at dolor quis odio consequat varius.
Riannon Peddersen,Pellentesque eget nunc.
Kinna Peto,Suspendisse potenti.
Ida Fricker,Morbi vel lectus in quam fringilla rhoncus.
Angela Serck,"Nam ultrices, libero non mattis pulvinar, nulla pede ullamcorper augue, a suscipit nulla elit ac nulla."
Artemis Wakeford,"Proin leo odio, porttitor id, consequat in, consequat ut, nulla."
Lawton Arondel,Donec posuere metus vitae ipsum.
Harry Leavesley,Praesent blandit.
Luelle Labitt,Nulla ac enim.
Gerik Pittaway,Nullam molestie nibh in lectus.
Billie Cusack,Praesent lectus.
Gabie Tibbles,Aenean fermentum.
Boycie Snooks,Duis ac nibh.
Erroll Siene,Quisque porta volutpat erat.
Erhard Juste,Proin risus.
Vi MacNeilage,Nullam porttitor lacus at turpis.
Larisa Raccio,Nunc nisl.
Lacie Castagna,"Donec diam neque, vestibulum eget, vulputate ut, ultrices vel, augue."
Pavel Yurtsev,Vestibulum ante ipsum primis in faucibus orci luctus et ultrices posuere cubilia Curae; Mauris viverra diam vitae quam.
Lucilia Hayselden,Nunc nisl.
Maudie Lowater,Nam tristique tortor eu pede.
Gerome Dennington,Nullam porttitor lacus at turpis.
Liam Fowler,Duis consequat dui nec nisi volutpat eleifend.
Carie Sapsford,Praesent id massa id nisl venenatis lacinia.
Mathian Eglise,"Integer pede justo, lacinia eget, tincidunt eget, tempus vel, pede."
Rina Kennford,Morbi vel lectus in quam fringilla rhoncus.
Stormi Burgane,Phasellus sit amet erat.
Antonin Hullock,"Proin leo odio, porttitor id, consequat in, consequat ut, nulla."
Gavin Radbone,Nulla justo.
Dorris Laurenson,Sed sagittis.
Cassie Mingaye,"Lorem ipsum dolor sit amet, consectetuer adipiscing elit."
Roanne Cantillon,Donec vitae nisi.
Amanda Pitman,"Duis bibendum, felis sed interdum venenatis, turpis enim blandit mi, in porttitor pede justo eu massa."
Tallie Southon,Phasellus sit amet erat.
Kennett Blasdale,Morbi porttitor lorem id ligula.
Rhoda Stembridge,Fusce consequat.
Montague Malyon,Vivamus vel nulla eget eros elementum pellentesque.
Bertha Palfery,Nulla mollis molestie lorem.
Franchot Boddam,Nulla justo.
Graeme McGonagle,Morbi non quam nec dui luctus rutrum.
Saba Pallant,Pellentesque at nulla.
Chloris Kaminski,Donec posuere metus vitae ipsum.
Darby Kilfedder,Suspendisse potenti.
Juliana Raggles,"Cum sociis natoque penatibus et magnis dis parturient montes, nascetur ridiculus mus."
Misty Consadine,Aliquam sit amet diam in magna bibendum imperdiet.
Silvia Maskall,"Cras mi pede, malesuada in, imperdiet et, commodo vulputate, justo."
Tybie Carles,Duis aliquam convallis nunc.
Gretchen Bold,"Cras mi pede, malesuada in, imperdiet et, commodo vulputate, justo."
Gnni Brislawn,"Donec diam neque, vestibulum eget, vulputate ut, ultrices vel, augue."
Monti Gregon,Nulla tellus.
Dannie Castella,"Mauris enim leo, rhoncus sed, vestibulum sit amet, cursus id, turpis."
Shelton Aleixo,Curabitur in libero ut massa volutpat convallis.
Leta Bellew,Nulla nisl.
Natasha Sarch,Morbi a ipsum.
Madelene Sparkwell,In hac habitasse platea dictumst.
Connor Birkin,Phasellus sit amet erat.
Muhammad Collum,Curabitur gravida nisi at nibh.
Jamey Nacey,Aliquam non mauris.
Lois Van Der Vlies,Pellentesque eget nunc.
Sid Ingall,Curabitur in libero ut massa volutpat convallis.
Lise Baythorp,"Integer pede justo, lacinia eget, tincidunt eget, tempus vel, pede."
Lonny Fossitt,Praesent lectus.
Maison Bradmore,Aliquam sit amet diam in magna bibendum imperdiet.
Tudor Allans,Morbi vel lectus in quam fringilla rhoncus.
Tanny Marchbank,Aliquam quis turpis eget elit sodales scelerisque.
Eldridge Littledike,"Vestibulum ante ipsum primis in faucibus orci luctus et ultrices posuere cubilia Curae; Donec pharetra, magna vestibulum aliquet ultrices, erat tortor sollicitudin mi, sit amet lobortis sapien sapien non mi."
Barb Peek,Nunc nisl.
Aggi Gladman,Nulla nisl.
Deb Dillway,Ut tellus.
Annora Purkess,Vestibulum ante ipsum primis in faucibus orci luctus et ultrices posuere cubilia Curae; Duis faucibus accumsan odio.
Clementina MacElholm,Suspendisse potenti.
Kippie Haddrill,Phasellus in felis.
Quintilla Sherrard,Fusce posuere felis sed lacus.
Daveen Cutford,Morbi non lectus.
Quintilla Bonefant,Curabitur in libero ut massa volutpat convallis.
Simmonds Vanlint,Proin eu mi.
Ashlee Hairesnape,Aenean fermentum.
Skye Speares,Morbi quis tortor id nulla ultrices aliquet.
Thoma Covey,"Quisque erat eros, viverra eget, congue eget, semper rutrum, nulla."
Lane Gresly,Nulla suscipit ligula in lacus.
Maure Womersley,Cras non velit nec nisi vulputate nonummy.
Carlin Greensitt,"Vivamus metus arcu, adipiscing molestie, hendrerit at, vulputate vitae, nisl."
Lyn Chrestien,"Nulla neque libero, convallis eget, eleifend luctus, ultricies eu, nibh."
Aubrette Lambell,"Maecenas leo odio, condimentum id, luctus nec, molestie sed, justo."
Jackie Crippill,"Fusce lacus purus, aliquet at, feugiat non, pretium quis, lectus."
Ruy McDonough,"Quisque erat eros, viverra eget, congue eget, semper rutrum, nulla."
Teodorico Crichten,Donec dapibus.
Bobbee Saltern,In quis justo.
Ariadne Shortall,Vestibulum ac est lacinia nisi venenatis tristique.
Janene Wegenen,Suspendisse ornare consequat lectus.
Arluene Owtram,Nunc nisl.
Den Measey,"Lorem ipsum dolor sit amet, consectetuer adipiscing elit."
Kenneth Bortolazzi,Aliquam sit amet diam in magna bibendum imperdiet.
Dav Lehrer,Etiam faucibus cursus urna.
Lorri Antonov,Nulla nisl.
Gilly Haithwaite,"Cum sociis natoque penatibus et magnis dis parturient montes, nascetur ridiculus mus."
Findlay Gabbitus,"Nulla neque libero, convallis eget, eleifend luctus, ultricies eu, nibh."
Atlanta Kempshall,"Donec odio justo, sollicitudin ut, suscipit a, feugiat et, eros."
Britt McDuffie,Pellentesque ultrices mattis odio.
Jacques Corsan,Ut tellus.
Margaretha Gready,Fusce consequat.
Rufus Capener,Aliquam sit amet diam in magna bibendum imperdiet.
Dom Heinsen,Vestibulum ac est lacinia nisi venenatis tristique.
Jereme Romans,Duis consequat dui nec nisi volutpat eleifend.
Alvis Quilkin,Praesent blandit.
Terri Antczak,Nulla ac enim.
Hilly MacNeice,Aenean auctor gravida sem.
Thane Spong,Suspendisse potenti.
Toddy Matthew,"Integer pede justo, lacinia eget, tincidunt eget, tempus vel, pede."
Ericka Dudin,Pellentesque viverra pede ac diam.
Isak Stanier,Aenean sit amet justo.
Dimitry Doring,"Vestibulum quam sapien, varius ut, blandit non, interdum in, ante."
Barbabas Loveless,"Quisque arcu libero, rutrum ac, lobortis vel, dapibus at, diam."
Marrilee Jenckes,"Vivamus metus arcu, adipiscing molestie, hendrerit at, vulputate vitae, nisl."
Ric Veld,Curabitur at ipsum ac tellus semper interdum.
Gray Champkins,Nulla suscipit ligula in lacus.
Hermann Kiwitz,Curabitur gravida nisi at nibh.
Krisha Abramsky,Vestibulum ante ipsum primis in faucibus orci luctus et ultrices posuere cubilia Curae; Nulla dapibus dolor vel est.
Jenda Downey,Nulla suscipit ligula in lacus.
Karlik Enterle,Praesent id massa id nisl venenatis lacinia.
Darryl Keel,Nulla ut erat id mauris vulputate elementum.
Bat Armstrong,Integer tincidunt ante vel ipsum.
Biron Tedstone,Cras pellentesque volutpat dui.
Berkley Eagleston,Proin eu mi.
Shell Melvin,Nam nulla.
Marjory Swindley,Suspendisse potenti.
Randa Sherebrooke,Aliquam sit amet diam in magna bibendum imperdiet.
Christian Corkish,Pellentesque at nulla.
Rebe Gannicott,Mauris ullamcorper purus sit amet nulla.
Arlee Cowden,Vestibulum sed magna at nunc commodo placerat.
Marybeth Crowche,Praesent id massa id nisl venenatis lacinia.
Liesa Quirk,Duis at velit eu est congue elementum.
Mandy Bartolomieu,Donec quis orci eget orci vehicula condimentum.
Lin Bezarra,Maecenas rhoncus aliquam lacus.
Correy Demare,Quisque ut erat.
Erhard Aymerich,Integer a nibh.
Tadio Spleving,Nulla tellus.
Grant Wolfers,Nullam porttitor lacus at turpis.
Allie Tague,In eleifend quam a odio.
Stella Stachini,Fusce consequat.
Carrol Radborne,Duis at velit eu est congue elementum.
Weber Repper,Vestibulum ante ipsum primis in faucibus orci luctus et ultrices posuere cubilia Curae; Duis faucibus accumsan odio.
Randall Jerrold,Suspendisse potenti.
Jimmy Ardern,"Morbi sem mauris, laoreet ut, rhoncus aliquet, pulvinar sed, nisl."
Siusan Vedenyakin,Donec ut dolor.
Virgil Denniston,"Quisque erat eros, viverra eget, congue eget, semper rutrum, nulla."
Corrine Tewelson,Vestibulum rutrum rutrum neque.
Lillis Gracey,Nulla ut erat id mauris vulputate elementum.
Lory Pook,Etiam pretium iaculis justo.
Abbi Ragsdall,"Lorem ipsum dolor sit amet, consectetuer adipiscing elit."
Prudi Vasyukov,Mauris sit amet eros.
Elmira Barnsley,Morbi non quam nec dui luctus rutrum.
Enos Hughesdon,"Fusce lacus purus, aliquet at, feugiat non, pretium quis, lectus."
Dannye Childers,In eleifend quam a odio.
